country,programme,processing_days
Argentina,Residencia temporaria como científico y/o personal especializado y/o personal de traslado,1
Bahrain,Residence Permit — Parents / Adult Family of Foreign Resident,1
Bahrain,Student Visa + Student Residence Permit,1
Cameroon,Visa long séjour express (Long-stay express — 24h processing),1
Finland,Application for students and researchers: residence permit to look for work,1
Kazakhstan,Temporary residence permit for foreigners in the Republic of Kazakhstan,1
Uzbekistan,IT Visa,1
Algeria,Visa de régularisation,2
France,Carte de séjour temporaire « salarié » (CDI),2
France,Carte de séjour temporaire « travailleur temporaire » (CDD),2
Kazakhstan,Issuance and extension of a permit to a labour immigrant,2
Somalia,Education and Research Visa,2
Somalia,Temporary Residence,2
United Arab Emirates,Entry Permit for Business or Job Opportunities,2
United Arab Emirates,Family Residency VISA/Government,2
United Arab Emirates,Family Residency Visa/Private,2
United Arab Emirates,Issuing residence permits for the private sector,2
United Arab Emirates,Residency and EID/Private Employee,2
Azerbaijan,"Entrepreneur TRP (Min 5 Full-time / 10 Part-time Staff, 80% Local)",3
Azerbaijan,Family TRP — Family Reunification with TRP/PRP Holder,3
Bahrain,Artist / Performing Group Visa,3
Bahrain,Dependants Residency Permit (Children),3
Bahrain,New Work Permit,3
Cameroon,Visa long séjour ordinaire (Long-stay visitor visa — 12 months),3
Cameroon,"Visa long séjour — Profession libérale / Activité commerciale, industrielle, agricole, artisanale ou artistique",3
Cameroon,Visa long séjour — Travailleur salarié (Salaried work permit + carte de séjour),3
Cameroon,Visa long séjour — Études (Student visa + carte de séjour),3
Denmark,Accompanying family member in Greenland,3
Denmark,Au pair,3
Ethiopia,Foreign Business Firm Employment Visa - WV,3
Jamaica,Permanent Residence,3
Kuwait,Private Residence Article 18,3
New Zealand,Second or Subsequent Resident Visa,3
Saudi Arabia,Education Visa,3
Spain,CERTIFICADO DE RESIDENCIA PERMANENTE DE CIUDADANO DE LA UNIÓN EUROPEA,3
Vietnam,"NN1 - Cáp cho nguòi là truông văn phòng dái dio quóc tê, tô chúc phi chính phù nuóc ngoài tai việt nam",3
Vietnam,"NN3 - Cáp cho nguòi vào làm việc với tô chúc phi chính phủ nuóc ngoài, văn phòng dài diên, chi nhánh của thuongnhân nuóc ngoài, văn phong dài diên tô chúc kinh té, văn hoá và tô chúc chuyên môn khác c",3
Indonesia,Visa Keturunan EX-WNI 5 Atau 10 Tahun,4
Indonesia,Visa Repatriasi 5 Tahun,4
Indonesia,Visa Rumah Kedua,4
Indonesia,Visa Rumah Kedua Kolaborasi Keahlian Khusus,4
Indonesia,Visa Rumah Kedua Lansia Untuk 5 Tahun,4
Indonesia,Visa Rumah Kedua Tenaga Ahli Undangan Pemerintah,4
Uzbekistan,Investment Visa,4
Australia,Resident Return visa (subclasses 155 and 157),5
Bahamas,Bahamas Extended Access Travel Stay (BEATS),5
Bahrain,Golden Residency Program — Professionals Working in Bahrain,5
Brazil,"VITEM V — Visto Temporário para Trabalho (Work Visa, with employment contract)",5
Finland,Fast track for specialists,5
Guyana,Employment Visa on Arrival,5
Indonesia,Visa Keluarga Suami/Istri Pemegang ITAS/ITAP,5
Indonesia,Visa Keluarga Suami/Istri WNI,5
Indonesia,Visa Kemudahan Bekerja Saat Berlibur,5
Indonesia,Visa Kerja Peneliti,5
Indonesia,Visa Pendidikan Tinggi,5
Indonesia,Visa Repatriasi 1 Tahun,5
Indonesia,Visa Repatriasi 2 Tahun,5
Indonesia,Visa Rumah Kedua Pekerja Jarak Jauh,5
Kyrgyzstan,Uniform Permit,5
Malaysia,Investor Pass,5
Maldives,Dependent Visa,5
Monaco,How to register an application for authorisation to hire staff or to amend/renew a work permit,5
New Zealand,Straight to Residence Visa,5
Vietnam,DN - Cáp cho nguòi vào làm việc với doanh nghiêp tái viet nam,5
Vietnam,LD - Cáp cho nguòi vào lao dông,5
Vietnam,Work Permit,5
Zimbabwe,Scholars Permit,5
Netherlands,"Long-Term EU Resident Permit (LTR-EU, Directive 2003/109)",6
Romania,Long-term residence permit,6
Rwanda,Rwandan Nationality by Acquisition on grounds of Residence in Rwanda,6
Rwanda,Rwandan Nationality by Acquisition on grounds of Statelessness,6
Bangladesh,NGO Visa,7
Bangladesh,Student Visa,7
China,Private Business Residence Permit for Foreigners (Endorsed with Entrepreneur),7
China,Private Business for Foreigners (Foreign Home Servant),7
Djibouti,Residence Permits,7
Dominican Republic,"Permit for Artists, Sports and Exchange Students (PADEI)",7
Jordan,Work Permits for Non-Jordanian Workers,7
Lithuania,Seasonal worker in Lithuania,7
Sierra Leone,Residence Permit,7
Sierra Leone,Work Permit,7
Singapore,Work Permit for migrant domestic worker,7
Suriname,Verblijf overige vreemdelingen,7
Suriname,Vestiging overige vreemdelingen,7
Tanzania,Residence Permit Class A,7
Ukraine,Work Permit,7
Uzbekistan,Temporary Residence Registration,7
Laos,Stay Permit Card (SP Card),8
Luxembourg,Acquiring Luxembourgish nationality by naturalisation,8
Sweden,"Long-Term Resident Status (Sweden, 5-year EU directive)",8
Uzbekistan,Registration of Permanent Residence,8
Bahrain,Golden Residency — Talented Individuals,10
Comoros,Carte de Résident (Work + Residence Permit),10
Comoros,Carte de séjour,10
Comoros,"Long-Stay Visa (Visa de Long Séjour, 1-year variant)",10
Costa Rica,Residentes temporales como religioso o religiosa,10
Curaçao,Residence and Employment Permit,10
Cyprus,Employment at a company of foreign interests (BCS),10
Cyprus,Highly Skilled Worker — Companies of Foreign Interest (BFU/BSC),10
Denmark,Family reunification,10
Djibouti,"Long-stay Visa (Visa Long Séjour) — 90 days to 12 months, renewable once",10
Ethiopia,Ethiopian Origin ID,10
Ethiopia,Ethiopian Origin ID by Marriage,10
Ethiopia,NGO Work Permit,10
Ethiopia,Temporary Residence Permit Through Marriage,10
Georgia,Short-Term Residence Permit,10
Georgia,Special Residence Permit,10
Georgia,Work Residence Permit,10
Guyana,Landing Permit for Student,10
Italy,Youth Mobility Visa (Italy-Canada Youth Exchange Program),10
Japan,在留資格「研究」 (Researcher Residence Status),10
Kuwait,Residence for those with Source of Income Article 24,10
Kuwait,Student Residence Article 23,10
Lithuania,Intra-corporate transferee (ICT) in Lithuania,10
Mauritania,Résidence pour motif d’étude,10
Mexico,Visa de Residencia Permanente,10
Mozambique,Residence Visa,10
Mozambique,Work Visa,10
Pakistan,Family Visit Visa,10
Republic of the Congo,Permis de séjour,10
Bahamas,Student Permit (Permit to Reside — full-time student),12
Dominica,Naturalisation (Non-Commonwealth — 7 Years),12
Ireland,Become an Irish citizen by naturalisation,12
Netherlands,Student residence permit secondary or vocational education,12
Albania,Unique Permit (Leje Unike — Employee / D/PM),14
Botswana,Emergency Work Permit,14
Botswana,Residence Permit,14
Botswana,Student Residence Permit,14
Brazil,VITEM VI - Temporary Work Holiday Visa,14
Brazil,VITEM VI — Férias-Trabalho (Working Holiday Visa),14
Finland,EU Blue Card,14
Finland,Fast track for EU Blue Card,14
Finland,Fast track for family member,14
Finland,Fast track for specialist and manager (ICT),14
Finland,Fast track for startup entrepreneur,14
Finland,Internal transfer within a company,14
Finland,Residence permit application for persons employed as a specialist,14
Finland,Residence permit application for work in top or middle management,14
Finland,Residence permit for a start-up entrepreneur,14
Indonesia,Visa Keluarga Anak Bawaan WNA Perkawinan Sah WNA-WNI,14
Japan,Special Highly Skilled Professional (J-Skip),14
Jordan,Free Work Permit for Day Laborers,14
Jordan,Free Work Permits for Day Laborers,14
Kiribati,Work Visa - Religious Worker,14
Laos,Expert Visa (E-B2),14
Latvia,Family Reunion Temporary Residence Permit (Latvia),14
Latvia,Long-Term Employment Sponsorship (Third-Country National),14
Latvia,Permanent Residence Permit,14
Latvia,Short-Term Visa with Right to Employment (Latvia),14
Latvia,Start-up Founder Residence Permit,14
Latvia,Student Residence Permit (Latvia),14
Latvia,Temporary Residence Permit (>90 days),14
Liechtenstein,Aufenthaltsbewilligung B,14
Liechtenstein,Daueraufenthalts- oder Niederlassungsbewilligung,14
Liechtenstein,Familiennachzug,14
Liechtenstein,Studium / Ausbildung (L) - Kurzaufenthalt,14
Mauritius,Certificate of Exemption,14
Mozambique,DIRE,14
New Zealand,Permanent Resident Visa,14
New Zealand,Working Holiday Extension Work Visa,14
Papua New Guinea,"Restricted Employment Visa (PNG, specialist skilled workers)",14
Singapore,Training Work Permit,14
South Korea,F-1-22 Family Visit Visa – High-Salary Domestic Helper,14
South Korea,F-1-23 Family Visit Visa – High-Tech Household Helper,14
Sri Lanka,Resident Guest Scheme,14
Albania,Type D Long-Stay Visa (>90 days),15
Angola,Visto de Permanência Temporária (Temporary Stay Visa — Religious / NGO / Researcher / Family),15
Angola,Visto de Trabalho,15
Argentina,residencia transitoria como Nómada Digital,15
Bangladesh,Employment Visa (E),15
Bangladesh,TF Visa,15
Barbados,Citizenship by Registration — 10-Year Residence (Constitution s.3A(1)(a)),15
Benin,Carte de résident ordinaire (3 ans) — ressortissants CEDEAO,15
Bosnia and Herzegovina,Temporary Residence Granted for Scientific Researches,15
Bosnia and Herzegovina,Temporary Residence Grounded on Other Justified Reasons,15
Bosnia and Herzegovina,"Temporary Residence of Experts, Professors and Lecturers",15
China,Residence Permit for Personal Matters,15
China,Residence Permit for Work,15
Costa Rica,Estancia para Trabajador y Prestador Remoto de Servicios,15
Cuba,Residente Temporal — Estudiante / Becario (Student / Scholarship),15
Cuba,Residente Temporal — Periodista / Corresponsal (Foreign Press),15
Cuba,Residente Temporal — Religioso (Religious Worker),15
Cuba,Residente Temporal — Representante Comercial / Agente Negocios,15
Cuba,Residente Temporal — Técnico / Científico Contratado (Skilled Worker),15
Czechia,Visiting family or friends,15
Eritrea,Business Visa,15
Eritrea,Employment Visa,15
Eritrea,Student Visa,15
Hungary,Residence Permit for the Purpose of Studies,15
Hungary,Residence permit for the purpose of seeking a job or starting a business,15
Hungary,The residence of the researcher and his/her family member,15
Indonesia,Visa Keluarga Anak Hasil Perkawinan Sah WNA-WNI,15
Iran,Work Permit,15
Ivory Coast,Carte de résident,15
Lithuania,Researcher in Lithuania,15
Lithuania,Student in Lithuania,15
Luxembourg,Nationalité par naturalisation,15
Maldives,Work Visa,15
Mexico,"Carta de Naturalización por Haber Prestado Servicios o Realizado Obras Destacadas en Materia Cultural, Social, Científica, Técnica, Artística, Deportiva o Empresarial",15
Mexico,Carta de Naturalización por Ser Originario de un País Latinoamericano o de la Península Ibérica,15
Moldova,Digital Nomad,15
Montenegro,Temporary Residence and Work Permit,15
Nepal,Study Visa,15
Palestine,Temporary Residence,15
Ukraine,Permanent Residence Permit,15
United States,H-2A Temporary Agricultural Program,15
Zimbabwe,Investor Residence Permit,15
Kazakhstan,Permanent Residence Permit in the Republic of Kazakhstan,17
Azerbaijan,Family TRP — Close Relative of Azerbaijani Citizen,20
Azerbaijan,Issuance of work permits to foreigners and stateless persons to engage in paid employment,20
Ireland,Atypical Working Scheme,20
Malta,Sports Trial Visa,20
Montenegro,Work Registration Certificate,20
Nepal,Press Visa,20
Slovenia,Purpose of residence - transfer within a company,20
South Korea,E-9-3 Non-Professional Employment Visa – Agriculture,20
Bangladesh,Journalist Visa,21
DR Congo,Carte de Travail d'Étranger — Ordinary (with Visa d'Établissement de Travail),21
Fiji,Child of Fiji Citizen Exemption (family entry/residence pathway),21
Fiji,Co-Extensive Residence Permit,21
Fiji,Dual Citizen Exemption Status (Fiji + foreign passport holders),21
Fiji,Family Members of Exempted Person Exemption (Fiji),21
Fiji,Fiji Student Permit (Universities/Institutions),21
Fiji,Fiji Work Permit — Long Term (3 Years),21
Fiji,Fiji Work Permit — Maritime/Fishing Crew,21
Fiji,Fiji Work Permit — NGO / Humanitarian,21
Fiji,Fiji Work Permit — Short Term (1 Year or Less),21
Fiji,"Fijian Citizenship by Naturalization (5-of-10 years, Citizenship Act 2009)",21
Fiji,Residence Permit on Assured Income,21
Fiji,Residence Permit on Special Purpose,21
Fiji,Special Purpose Permit for Yacht Owners and Crew (Fiji),21
Fiji,Spouse of Fiji Citizen Exemption (family entry/residence pathway),21
Fiji,VKB-Registered iTaukei Fijians Overseas — Visa-Free Live/Work (Immigration Act 2023),21
Fiji,"Visitors Permit on Arrival (Fiji, exempted countries)",21
Germany,Work Visa for Qualified Professionals (Section 18a/18b AufenthG),21
Hungary,Residence Permit for the purpose of intra-corporate transfer and Permit for long-term mobility,21
Hungary,Residence permit for Hungarian Card,21
Hungary,Residence permit for guest self-employment,21
Hungary,Residence permit for official purposes,21
Hungary,Residence permit for seasonal employment,21
Hungary,Residence permit for the purpose of family reunification,21
Hungary,Residence permit for the purpose of posted work,21
Hungary,Residence permit for the purpose of traineeship,21
Hungary,Residence permit for the purpose of training,21
Hungary,White Card – residency for digital nomads,21
Jersey,Long-Term Work Permit (Skilled Worker),21
New Zealand,Specific Purpose Work Visa,21
United Kingdom,Charity Worker visa (Temporary Work),21
United Kingdom,Creative Worker visa (Temporary Work),21
United Kingdom,Global Talent visa,21
United Kingdom,Government Authorised Exchange visa (Temporary Work),21
United Kingdom,Graduate Trainee visa (Global Business Mobility),21
United Kingdom,Health and Care Worker,21
United Kingdom,High Potential Individual (HPI) visa,21
United Kingdom,India Young Professionals Scheme visa,21
United Kingdom,Innovator Founder visa,21
United Kingdom,International Agreement visa (Temporary Work),21
United Kingdom,Minister of Religion visa (T2),21
United Kingdom,Overseas Domestic Worker visa,21
United Kingdom,Religious Worker visa (Temporary Work),21
United Kingdom,Representative of an Overseas Business visa,21
United Kingdom,Scale-up Worker visa,21
United Kingdom,Seasonal Worker visa (Temporary Work),21
United Kingdom,Secondment Worker visa (Global Business Mobility),21
United Kingdom,Senior or Specialist Worker visa (Global Business Mobility),21
United Kingdom,Service Supplier visa (Global Business Mobility),21
United Kingdom,Skilled Worker,21
United Kingdom,Student Visa,21
United Kingdom,UK Ancestry visa,21
United Kingdom,UK Expansion Worker visa (Global Business Mobility),21
United Kingdom,Youth Mobility Scheme visa,21
Zambia,"Zambian Citizenship by Registration (spouse, 5-year marriage)",21
Finland,Residence permit application for an employed person (TTOL),23
Bangladesh,E1 Visa,24
Barbados,Barbados Welcome Stamp (12-Month Remote Work Visa),28
Colombia,Visa V Trabajador Remoto / Nómadas Digitales,28
Hong Kong,Investment as Entrepreneurs,28
Hong Kong,Training,28
Hong Kong,Vocational Professionals Admission Scheme,28
Jordan,Transfer Residency,28
Nigeria,Employment (Expatriate Free Zone) Visa,28
Pakistan,Domestic Aide Visa,28
Pakistan,Work Visa,28
Rwanda,"H4: Semi-skilled worker or artisan, who is a national of one of the countries within the region",28
Saudi Arabia,Permanent Work Visa,28
Saudi Arabia,Temporary Work Visa,28
South Korea,E-9-10 Non-Professional Employment Visa – Mining Industry,28
South Korea,F-4-25 Overseas Korean Visa – Age 60 or Older,28
Taiwan,Taiwan Employment Gold Card,28
Trinidad and Tobago,Certificate of Registration,28
Zimbabwe,Temporary Employment Permit,28
Afghanistan,Afghan Citizenship by Naturalization (Article 15),30
Albania,Albanian Citizenship by Special Merit / National Interest (Presidential Decree),30
Albania,Student Residence Permit,30
Algeria,Carte de commerçant pour étranger résident (Foreign Commercial Resident Card),30
Angola,Autorização de Residência Permanente (Permanent Residence — 10 years of consecutive temporary residence),30
Angola,"Autorização de Residência Temporária (Temporary Residence Authorisation — 2-year, indefinitely renewable)",30
Angola,Reagrupamento Familiar (Family Reunification — Residence Holder's Family),30
Argentina,Ciudadanía por Inversión Relevante,30
Armenia,Permanent resident card (5 years),30
Armenia,Temporary Resident Card (family of Armenian citizen or Special Passport holder),30
Armenia,Temporary Resident Card (work permit holder),30
Armenia,Temporary resident card,30
Azerbaijan,Naturalisation by Presidential Decree (Special Merit / Exceptional Skill),30
Azerbaijan,"Naturalisation of Stateless Persons (Simplified Procedure, 2015)",30
Azerbaijan,Naturalisation — Ethnic Azerbaijani Diaspora (Reduced Residency),30
Bahamas,Citizenship by Descent — Father-Line Auto-Acquisition (Constitution Art. 3(2) / Born Abroad to Bahamian Father),30
Bahamas,Citizenship by Registration — Female Spouse of Bahamian (Nationality Act Cap. 190 §7 / Form I),30
Bahamas,"Permanent Residence — Discretionary Grant after Refused §7 Citizenship Application (Nationality Act §7A, 2026 Amendment)",30
Bangladesh,"Naturalization under the Naturalization Act, 1926 & Citizenship Act, 1951",30
Barbados,Citizenship by Adoption (Cap. 186 s.5(3)),30
Barbados,Citizenship by Naturalisation — Aliens (Cap. 186 s.7 + Second Schedule para 1),30
Belarus,Naturalization – 7 years permanent residence,30
Belarus,Naturalization — refugees (7 years from recognition),30
Belarus,"On Citizenship of the Republic of Belarus (Law 136-Z, 1 August 2002)",30
Belgium,"Citizenship by Declaration — Belgian Spouse/Parent of Belgian Child (Art. 12bis § 1, 3°)",30
Belgium,"EU Long-Term Resident (Résident de longue durée — UE, Art. 15bis)",30
Belgium,Family Reunification with Belgian National (Art. 40ter),30
Belgium,"Researcher Permit (Chercheur, Dir 2016/801)",30
Belize,"Temporary Employment Permit (Work Permit, Belize)",30
Benin,Visa professionnel — 12 mois (work visa),30
Bhutan,Citizenship by Naturalization (20-year residence — Bhutan Citizenship Act 1985 Section 4),30
Bhutan,Dependent Visa,30
Bhutan,International Professional Football Player Visa (sport-specific channel),30
Bhutan,Personal Guest Visa,30
Bhutan,Special Residence Permit — Spouse/Child of Bhutanese (Family Immigration),30
Bolivia,"Acuerdo MERCOSUR sobre Residencia — Bolivia, Chile y Estados Parte (MERCOSUR Residency Agreement)",30
Bolivia,Cambio de condición migratoria,30
Bolivia,Decisión 545 CAN — Estatuto Migratorio Andino (Andean Migration Statute),30
Bolivia,Naturalización por servicio militar,30
Bolivia,Naturalización por servicios al País,30
Bolivia,Permanencia Definitiva (Permanent Residence — after 3 years temporal),30
Bolivia,Permanencia transitoria por intercambio académico,30
Bolivia,Permanencia transitoria por objeto determinado,30
Bolivia,Visa de Estudiante de Intercambio con Convenio Estatal (Student Exchange Visa — State Agreement) — GRATUITA,30
Bolivia,Visa de Objeto Determinado — Trabajo + Permanencia Temporal (Work Visa + Temporary Residence),30
Bolivia,Visa de Objeto Determinado — Trabajo Transitorio (Transitory Work Visa),30
Bosnia and Herzegovina,Permanent Residence (Stalni boravak),30
Bosnia and Herzegovina,Temporary Residence — Company Founder,30
Bosnia and Herzegovina,Temporary Residence — Education / Study,30
Bosnia and Herzegovina,Temporary Residence — Family Reunification,30
Bosnia and Herzegovina,Temporary Residence — Marriage to BiH Citizen,30
Bosnia and Herzegovina,Temporary Residence — Real Estate Ownership,30
Botswana,Citizenship Application – Settlement,30
Botswana,Citizenship by Descent (born abroad),30
Botswana,Citizenship by Naturalisation,30
Botswana,Investor / Business Residence Permit (BITC route),30
Botswana,Research Permit,30
Brazil,Autorização de Residência - Acordo MERCOSUL (MERCOSUR Residence Agreement),30
Brazil,Autorização de residência para fins de estudo,30
Brazil,Autorização de residência para fins de trabalho,30
Brazil,Cartão de Fronteiriço (Border-Resident Card),30
Brazil,VITEM I — Pesquisador / Professor Universitário (Researcher / Academic),30
Brazil,VITEM IV — Visto Temporário para Estudo (Study Visa),30
Brazil,VITEM VII — Atividades Religiosas ou Serviço Voluntário (Religious Worker / Volunteer),30
Brazil,VITEM XI — Visto Temporário para Reunião Familiar (Family Reunification Visa),30
Bulgaria,Internal corporate transfer,30
Bulgaria,Single residence and work permit,30
Bulgaria,Work Permit,30
Burundi,Visa de résident permanent,30
Canada,Canadian Citizenship by Descent (Born Abroad to Canadian Parent — Section 3),30
Canada,Federal Skilled Trades Program (FSTP) — Express Entry,30
Canada,"Intra-Company Transferee (ICT) — IMP, LMIA-exempt",30
Canada,Significant Benefit Work Permit (Entrepreneur),30
Chad,Naturalisation (Code de la Nationalité Tchadienne) — Ordonnance 33/PG-INT 1962,30
Chad,Residence Card (Carte de Séjour) — 1 year renewable,30
China,Foreign Permanent Resident ID Card — Category 2 Senior Professional / Academic,30
China,Foreign Permanent Resident ID Card — Category 5 Spouse of Chinese Citizen / Foreign PR,30
China,Foreign Permanent Resident ID Card — Category 6 Unmarried Minor Child of Chinese Citizen / PR,30
China,Foreign Permanent Resident ID Card — Category 7 Elderly Dependant Relative (60+),30
China,Foreigner's Work Permit,30
China,J2 Visa — Short-Term Foreign Journalist (≤180 Days),30
China,K Visa — Young Foreign Science and Technology Talent (October 2025),30
China,"X1 Visa — Long-Term Study (>180 Days, Degree Programmes)",30
Colombia,Audiovisual and/or digital production,30
Colombia,Carta de Naturalización — Vía Latinoamericano/Caribeño (1 año),30
Colombia,Colombian citizenship,30
Colombia,Journalistic coverage,30
Colombia,Parent or child of Colombian national by adoption,30
Colombia,Visa M Comunidad Andina — Trabajador Migrante Andino,30
Colombia,Visa M Padre/Madre o Hijo(a) de Colombiano(a) por Adopción,30
Colombia,Visa V Religioso,30
Costa Rica,"Categoría especial de estudiantes, investigadores, docentes y voluntarios y sus depedientes",30
Costa Rica,Permanent Residence,30
Costa Rica,Residencia Permanente,30
Croatia,"Seasonal Worker Permit (agriculture, forestry, hospitality, tourism)",30
Cyprus,EU Blue Card,30
Cyprus,Long-Stay National Visa (Type D),30
Cyprus,Long-term Residents,30
Czechia,"Citizenship by Birth / Origin (jus sanguinis, §4 Act 186/2013)",30
Denmark,EU residence document,30
Denmark,Fast-Track Scheme,30
Denmark,Fast-Track Scheme: Pay Limit Track,30
Denmark,Guest researcher,30
Denmark,Herdsman or farm manager,30
Denmark,Intra-Corporate Transferee (ICT),30
Denmark,Job-Seeking Permit (graduate / post-permit),30
Denmark,Long-Stay Visa D,30
Denmark,Pay Limit Scheme (Beløbsordningen),30
Denmark,PhD student,30
Denmark,Positive List for People with Higher Education,30
Denmark,Positive List for Skilled Work,30
Denmark,Researcher,30
Denmark,Special individual qualifications,30
Denmark,The educational track,30
Denmark,The researcher track,30
Denmark,The short-term track,30
Denmark,Trainee Permit,30
Denmark,Trainee scheme,30
Djibouti,Carte de Séjour (Residence Card) — 1 year renewable,30
Dominica,Student Visa / Permit,30
Dominican Republic,"Plan Nacional de Regularización de Extranjeros — PNRE (Decreto 327-13, Ley 169-14)",30
El Salvador,Residencia Temporal Religiosos,30
El Salvador,Residencia Temporal Representante Comercial,30
El Salvador,Residencia por Reagrupación Familiar (cónyuge/hijos de salvadoreño),30
Estonia,Digital Nomad Visa,30
Estonia,Residence Permit for Study,30
Estonia,Residence Permit for a Permanent Resident,30
Estonia,Residence permit for a family member,30
Estonia,Temporary Residence Permit for Intra-Company Transfer,30
Eswatini,EMPLOYEES PART I,30
Ethiopia,Government Institutions Short Task Visa - GIV,30
Finland,Residence permit application for Working Holiday,30
France,Carte de séjour temporaire « stagiaire »,30
France,Carte de séjour « retraité » (10 ans),30
Gambia,Expatriate Quota,30
Georgia,Permanent Residence Permit,30
Georgia,Residence Permit for Indefinite Stay,30
Georgia,Residence Permit for the purpose of Family Reunification,30
Georgia,Residence Permit of a Former Citizen of Georgia,30
Georgia,Study Residence Permit,30
Germany,EU Blue Card — IT Specialist without Formal Qualification (§18g AufenthG),30
Greece,Autonomous Residence Permit,30
Greece,"EU Blue Card (Law 4251/2014, art. 114)",30
Greece,"Exceptional reasons / Seven-year residence, Article 31, paragraph 4 (Law 4540/2018)",30
Greece,Family Members of Third-Country Nationals - Spouse Article 72 (Law 4251/14) / Initial Issuance with a type D visa,30
Greece,"Independent Economic Activity - Article 138, paragraphs 3 and 7 (Law 4251/14) - Renewal",30
Greece,Permanent Residence of Family Members of Greek Nationals (10 years) Article 83 (Law 4251/14) - Initial Issuance,30
Greece,Scholarship Holders article 45 (Law 4251/14) / Issuance,30
Greece,Work permit - Dependent employment - Agriculture (E4),30
Greece,Έγκριση απασχόλησης-Άδεια ενδοεταιρικής μετάθεσης (Ε2),30
Guatemala,Permisos de Trabajo de Personas Extranjeras,30
Guyana,Registration as a Citizen of Guyana – Minor,30
Guyana,Student Visa on Arrival,30
Iceland,Residence permit for volunteers,30
Iceland,Residence right of family members of EEA/EFTA citizens,30
India,Intern Visa,30
India,Overseas Citizenship of India (OCI),30
Indonesia,Visa Keluarga Anak Dengan Orang Tua WNI,30
Indonesia,Visa Keluarga Anak Pemegang ITAS/ITAP,30
Indonesia,Visa Keluarga Orang Tua dari Anak Pemegang ITAS/ITAP,30
Indonesia,Visa Kerja Rohaniwan,30
Indonesia,Visa Pertukaran Pelajar,30
Ireland,Short Stay C Visa (Study),30
Italy,LAVORO SUBORDINATO - SPETTACOLO,30
Italy,MISSIONE,30
Italy,Right to permanent residence,30
Italy,Study - Vocational training,30
Japan,家族滞在（Dependent）,30
Japan,留学,30
Jordan,Work Residency,30
Jordan,Work Visa,30
Kazakhstan,Obtaining the status of «kandas»,30
Kuwait,"Business, Industry, Skilled Labour Residence Article 19",30
Kuwait,Govt. Residence Article 17,30
Latvia,Child born abroad if one or both parents are Latvian citizens at the time the birth of the of child,30
Latvia,Employment contract or company agreement,30
Latvia,Religious activity,30
Latvia,a spouse and minor child of a foreigner who stays in Latvia on the basis of the temporary residence permit,30
Lithuania,EU Blue Card in Lithuania,30
Lithuania,Ilgalaikis gyventojas,30
Lithuania,Leidimas laikinai gyventi,30
Luxembourg,Staying in Luxembourg for more than 3 months as a third-country national and family member of an EU citizen or Luxembourg national,30
Malawi,Temporary Employee Permit,30
Malta,Self-Employment,30
Malta,Student Visa,30
Marshall Islands,RMI Citizenship by Birth / Descent (Citizenship Act 1984),30
Marshall Islands,"RMI Citizenship by Naturalization (10-year, Citizenship Act 1984)",30
Marshall Islands,Residence VISA (R-1),30
Mauritania,La résidence pour motif du travail,30
Mauritius,Residence Permit for Internship,30
Mexico,Visa de Residencia Temporal,30
Mexico,Visa de Residente Temporal Estudiante,30
Micronesia,Dependent Entry Permit,30
Micronesia,Expatriate Worker Authorization Permit,30
Micronesia,Foreign Investor Permit,30
Micronesia,Foreign Official Permit,30
Micronesia,Researcher Permit,30
Moldova,Foreigners Working in Free Economic Zones,30
Moldova,Highly Qualified Workers,30
Moldova,"Humanitarian, Religious or Volunteer Activities",30
Moldova,Migrant Workers,30
Moldova,Posted Workers,30
Moldova,Studies,30
Moldova,VIZA DE LUNGĂ ŞEDERE (TIP D) - Angajare în muncă D/AM,30
Nepal,Residential Visa,30
Nepal,Working Visa,30
Netherlands,European Blue Card,30
Netherlands,Residence permit economically inactive long-term EU resident,30
Netherlands,Residence permit for minor child to stay with parent,30
Netherlands,Residence permit for partner,30
North Macedonia,Approval of permanent residence,30
North Macedonia,Temporary Residence Permit for Work Purposes,30
Pakistan,Journalist Visa,30
Pakistan,Study Visa,30
Palau,Digital Residency Program,30
Panama,Contratado en Puesto de Confianza Ejecutivo Experto Empresa Zona Franca,30
Panama,Contratado en Puestos de Confianza Ejecutivos Expertos y/o Tecnicos en Empresas de Centros de Llamadas de Uso Comercial,30
Panama,Convenio Panamá Italia,30
Panama,Docente de la Fundación Ciudad delSaber,30
Panama,Empleado de Empresas de Aviación,30
Panama,Empleado de Subcontratista de Empresa bajo Contrato con la ACP,30
Panama,Empresario o Ejecutivo de la Fundación Ciudad del Saber,30
Panama,Estudiantes o Cadetes Becados por Instituciones de Seguridad Pública,30
Panama,Extranjero Contratado Empresa Industria Cinematográfica y Audiovisual,30
Panama,Misionero Laico al Servicio de la Iglesia Católica y Ortodoxa,30
Panama,Participante Extranjero del Programa Fullbright de Intercambio Educativo y Cultural,30
Panama,Personal Contratado como Corresponsal de Prensa Escrita Radial o Televisiva Internacional,30
Panama,Personal Contratado como Ejecutivos de Companias Internacionales cuyas funciones surten efectos en el Extranjero,30
Panama,Personal Contratado por Empresas en virtud del Acuerdo Marrakech,30
Panama,Personal Experto o Técnico dentro del 15% Personal Ordinario,30
Panama,Personal Extranjero Contratado por el Gobierno Nacional o Entidades Autónomas o Semiautónomas,30
Panama,Por Regularización Migratoria General (Crisol de Razas),30
Panama,Profesional del Deporte,30
Panama,Temporal por Razones de Educación,30
Panama,Técnico de la Fundación Ciudad del Saber,30
Papua New Guinea,Student Visa (PNG),30
Peru,Calidad Migratoria Permanente (Permanent Residence),30
Peru,Cooperante (International Cooperation Worker),30
Peru,Doble Nacionalidad (Dual Nationality),30
Peru,Formación,30
Peru,Intercambio (Cultural Exchange),30
Peru,Investigación Residente (Resident Researcher),30
Peru,Nacionalidad por Distinción Meritoria (Honorary Naturalization),30
Peru,Periodismo (Journalism),30
Peru,Recuperación de la Nacionalidad (Recovery of Nationality),30
Peru,Trabajador Residente (Resident Worker),30
Peru,Trabajador Temporal (Temporary Worker),30
Poland,Studies/Education,30
Portugal,Visto Nacional de Estada Temporária (VTE),30
Qatar,Permanent Residence Card,30
Qatar,Permanent Residency Card,30
Republic of the Congo,Carte de résident,30
Republic of the Congo,Permis de travail,30
Republic of the Congo,Titre de séjour,30
Romania,EU Blue Card,30
Romania,Independent residence permit,30
Romania,Nominal work permit,30
Romania,Types of work permits,30
Russia,Admission to Russian Federation citizenship (general procedure),30
Russia,Restoration of Russian Federation citizenship,30
Rwanda,Q1: Foreign employee (working for multi-national of regional company having its international or regional office in Rwanda),30
Serbia,Temporary Residence Permit,30
Seychelles,Dependents Permit,30
Slovenia,Purpose of residence - EU blue card,30
Slovenia,Purpose of residence - other legitimate reasons,30
Slovenia,Research activities within the framework of higher vocational colleges and higher education institutions,30
South Korea,D-2-5 Student Visa – Research Studies,30
South Korea,D-4-1 Training Visa – University-Affiliated Language Institute,30
South Korea,E-1 Professor Visa,30
South Korea,E-6-2 Arts and Entertainment Visa – Hotel and Entertainment,30
South Korea,F-1-13 Family Visit Visa – Parent of International Student,30
South Korea,F-2-3 Resident Visa – Family Member of Permanent Resident,30
South Korea,F-4-14 Overseas Korean Visa – University Graduate,30
South Korea,F-4-15 Overseas Korean Visa – OECD Permanent Resident,30
Spain,"Entrepreneur Authorization (Emprendedor, Ley 14/2013)",30
Spain,"Highly Qualified Professional Authorization (HQP, Ley 14/2013)",30
Spain,"Non-Lucrative Residence Authorization (Residencia No Lucrativa, RD 1155/2024)",30
Spain,Residence card of a family member of a European Union citizen,30
Spain,Tarjeta de residencia de familiar de ciudadano de la Unión Europea,30
Suriname,Naturalisatie,30
Sweden,Artists Work Permit,30
Sweden,EU Blue Card,30
Sweden,Permanent residence permits for doctoral students,30
Sweden,Researcher Residence Permit,30
Syria,Expatriate Citizen Certificate,30
São Tomé and Príncipe,Certificado de Residência Permanente,30
São Tomé and Príncipe,Certificado de Residência Temporária,30
São Tomé and Príncipe,Visto de Residência para exercício de actividade Profissional independente,30
São Tomé and Príncipe,Visto de Residência para o Exercício de Actividade Profissional Subordinada,30
Taiwan,Alien Permanent Residency Certificate,30
Taiwan,Foreign freelance art workers,30
Taiwan,Study in Taiwan,30
Tajikistan,Permit for recruiting foreign labour,30
Tajikistan,Visa Free Economic Zone,30
Thailand,Destination Thailand Visa (DTV),30
Thailand,Thailand Privilege Card,30
Timor-Leste,"Timorese Citizenship by Naturalization (10-year general track, Lei da Nacionalidade)",30
Timor-Leste,Visto Trabalho/Work visa (VTB),30
Tonga,Employment Visa (Tonga),30
Tonga,"Student Visa (Tonga, primary/secondary/tertiary)",30
Trinidad and Tobago,6(1)c – Marriage to a Citizen/Resident of Trinidad and Tobago,30
Tunisia,Octroi de la carte de séjour pour étrangers,30
Turkmenistan,Hemişelik ýaşamak üçin rugsatnama,30
Turkmenistan,Türkmenistanyň raýatlygy,30
Turkmenistan,Ýaşamak üçin ygtyýarnama,30
Turks and Caicos Islands,Work Permit,30
Tuvalu,Permit to enter and reside to conduct business,30
United Arab Emirates,Issuance of a Residence Visa for Individuals with Specialized Talents,30
Yemen,"Yemeni Citizenship by Naturalization (Law No. 6/1990, 5-10 year track)",30
Zambia,Temporary Employment Permit,30
Zimbabwe,Spouse Residence Permit,30
Canada,IEC Working Holiday — International Experience Canada,35
Cyprus,Startup Visa,35
New Zealand,Post Study Work Visa,35
New Zealand,Talent (Accredited Employer) Work Visa,35
Cuba,"Inversores y de Negocios — Diáspora Cubana (DL 117/2026, Cuban Diaspora Investor)",37
Finland,Extended permit for an employed person (TTOL),38
Australia,Australian Citizenship by Descent,40
Iceland,Application for Icelandic citizenship,40
Montenegro,Temporary Residence for Family Reunification,40
Montenegro,Temporary Residence for High School or Higher Education,40
Montenegro,Temporary Residence for Participation in International Exchange Programs for Pupils and Students or Other Programs for the Young,40
Montenegro,Temporary Residence for Scientific Research Activities,40
Montenegro,"Temporary Residence for Specialization, Professional Training or Practical Training",40
Montenegro,Temporary residence for the purpose of performing religious services in Montenegro,40
Montenegro,Temporary residence permit for a digital nomad,40
South Africa,Relative - Section 27(g),40
Barbados,"Short-Term Work Permit (Section 17, Cap. 190)",42
Cayman Islands,Full Work Permit,42
Cook Islands,Resident Spouse Visa and Permit,42
Ethiopia,Expatriate Work Permit,42
Greece,"Dependent employment and provision of services or work - Initial granting under Article 15, paragraph 1 (Law 4251/14) or first renewal (change of residence purpose).",42
Hong Kong,General Employment Policy and Admission Scheme for Mainland Talents and Professionals (Technical Professionals Stream),42
Hong Kong,Sector-specific Labour Importation Schemes,42
Hong Kong,Special Scheme to Import Care Workers for Residential Care Homes,42
Hong Kong,Students,42
Kuwait,Domestic Work Residence Article 22,42
Marshall Islands,Employment Visa (E-1),42
Namibia,Digital Nomad Visa,42
Netherlands,Residence Permit — Essential Start-up Personnel,42
Qatar,Residence Permit and QID,42
United Arab Emirates,Residency and EID/Government Employee,42
Bhutan,Entry Permit on Arrival — Indian nationals,45
Bhutan,Student Visa (academic course in Government-recognised Bhutanese institution),45
Bosnia and Herzegovina,Temporary Residence of Aliens Engaged on Projects of Significance for BiH,45
El Salvador,Residencia Temporal Pensionados,45
Kazakhstan,Issuance of permit to foreign IT specialists for permanent residence in the Republic of Kazakhstan,45
Kazakhstan,Issuance of permit to foreigners and stateless persons for permanent residence in the Republic of Kazakhstan,45
Malaysia,Citizenship by Naturalisation,45
Portugal,Seasonal Work Visa,45
Spain,"Researcher Authorization (Investigador, Ley 14/2013 + LOEX Art 25g)",45
United States,O-1,45
Algeria,Visa de travail temporaire / Temporary Work Visa,48
Pakistan,NGO's Visa,48
Pakistan,Work Visa/CPEC Projects,48
Philippines,Permanent Resident Visa (PRV),48
Cyprus,Digital nomads and family members (VIS),49
New Zealand,Accredited Employer Work Visa,49
Macau,Non-Resident Worker Permit (Blue Card),50
Austria,Residence Permit – Researcher-Mobility,56
Belize,CARICOM Skills Certificate / CSME (Belize),56
Bhutan,Work Permit,56
Germany,Visa for Professionally Experienced Workers (§19c(2) AufenthG + §6 BeschV),56
Hong Kong,Enhanced Supplementary Labour Scheme,56
Hong Kong,Foreign Domestic Helper,56
Hong Kong,Working Holiday,56
India,Journalist Visa,56
Ireland,Long Stay D Visa (Study),56
Ireland,Long Term Study Visa,56
Malta,Long-Stay Visa,56
Netherlands,Residence permit under EU-UK Trade Agreement,56
Netherlands,Single Permit: GVVA,56
Somalia,Work Permit,56
South Korea,C-4 Short-Term Employment Visa,56
Sweden,Swiss citizens,56
United Kingdom,Graduate visa,56
Andorra,Autorització d'immigració de residència i treball (Residence and Work Authorisation),60
Andorra,Autorització d'immigració per estudis (Student Residence Authorisation),60
Andorra,Autorització d'immigració temporal (Seasonal Worker Temporary Authorisation),60
Andorra,Autorització d'immigració temporal per a joves amb opció de treball (Youth Mobility with Work),60
Andorra,Autorització d'immigració temporal per a treballadors d'empreses estrangeres (Foreign Company Posted Worker),60
Andorra,Autorització de residència i treball del personal dels centres d'ensenyament (Treaty-Based School Staff Residence and Work),60
Andorra,Autorització de residència per al programa per a emprenedors estrangers (Foreign Entrepreneur Programme),60
Andorra,Autorització de residència per raons de reagrupament amb diplomàtics andorrans en actiu a l'exterior (Family Reunification of Andorran Diplomats Stationed Abroad),60
Andorra,Autorització de residència per raons de reagrupament familiar (Family Reunification Residence),60
Andorra,Autorització de treball de fronterer (Cross-Border Worker Authorisation),60
Andorra,Autorització de treball sense residència (Work-Without-Residence Authorisation),60
Andorra,Autorització de treball temporal de fronterer (Seasonal Cross-Border Worker Authorisation),60
Andorra,Demanda de nacionalitat - 10 anys de residència i escolaritat obligatòria,60
Andorra,Demanda de nacionalitat - 20 anys de residència,60
Andorra,Demanda de nacionalitat - per matrimoni,60
Argentina,Residencia Transitoria — Turista (Tourist),60
Australia,Subclass 191 — Permanent Residence (Skilled Regional),60
Austria,Mobile Researcher — Forscher-Mobilität from another EU Member State (§ 61 NAG),60
Azerbaijan,Permanent residence of foreigners and stateless persons in the territory of Azerbaijan,60
Belgium,Researchers,60
Bhutan,Employment Visa — Skilled and Technical Workers (1-year cap),60
Bolivia,Visa de Estudiante + Permanencia Temporal Estudiante (Student Visa + Temporary Student Residence),60
Bosnia and Herzegovina,Long-term Stay Visa (Visa D),60
Brazil,Conversão da naturalização provisória em definitiva,60
Canada,Bridging Open Work Permit (BOWP),60
Chile,Nacionalidad Chilena por Descendencia (Jus Sanguinis — Hijo de Chileno Nacido en el Exterior),60
Chile,Nacionalización por Carta (Naturalisation — Carta de Nacionalización),60
Colombia,Carta de Naturalización — Vía Estándar (5 años),60
Colombia,Visa R Residente — Vía Estándar (post 5 años visa M),60
Croatia,EU Blue Card (Highly-Qualified Third-Country National),60
Croatia,Posted Worker Stay and Work Permit,60
Croatia,Researcher Temporary Stay (Hosting Agreement),60
Croatia,"Stay and Work Permit (Single Permit, employer-sponsored)",60
Croatia,Temporary Stay for Secondary School Education,60
Croatia,Temporary Stay for University Studies,60
Cuba,Inversionista Ley 118/2014 (Foreign Investor — Joint Venture / ZEDM),60
Cuba,Residente de Inmobiliarias (Real Estate Resident — Tourist Complex Owner),60
Cyprus,Category A,60
Cyprus,Category D,60
Czechia,EU Long-Term Resident Status (Directive 2003/109/EC),60
Czechia,Long-Stay Visa — Working Holiday (bilateral agreements),60
Czechia,"Long-Term Residence — Doing Business (self-employed, živnostenský list)",60
Czechia,Long-Term Residence — Jobseeker / Business Start-up (post-graduation),60
Czechia,Long-Term Residence — Scientific Research (Directive 2016/801/EU),60
Czechia,"Long-Term Residence — Studies (§64 Act 326/1999, Directive 2016/801/EU)",60
Czechia,Long-term residence permit for family purposes,60
Czechia,Long-term residence permit for sports purposes,60
Czechia,Long-term residence permit for the purpose of doing business,60
Czechia,Long-term residence permit for the purpose of family reunification,60
Czechia,Long-term residence permit for the purpose of scientific research,60
Czechia,Long-term residence permit for the purpose of studies,60
Czechia,Long-term visas and long-term residence permits for the purpose of studies,60
Czechia,"Permanent Residence (trvalý pobyt, §66 Act 326/1999, after 5 years)",60
Czechia,Permanent Residence — Blue Card Holder (5 years across EU),60
Czechia,Special Work Visa (mimořádné pracovní vízum) — sector-quota agriculture/food,60
Czechia,Study,60
Denmark,Educational attachment scheme,60
Denmark,Student Residence Permit,60
Denmark,Study permit,60
Dominican Republic,Student Visa (Visa de Estudiante),60
Finland,Residence permit application for person with a degree completed in Finland,60
France,Carte de séjour pluriannuelle « talent-chercheur »,60
France,Carte de séjour pluriannuelle « talent-chercheur-programme de mobilité »,60
France,Carte de séjour pluriannuelle « talent-salarié qualifié »,60
France,Carte de séjour temporaire « entrepreneur/profession libérale »,60
France,Nationalité française par mariage,60
France,Naturalisation française par décret,60
France,Talent-corporate officer,60
Greece,Residence permit for dependent employment (Article 15),60
Guyana,Registration as a Citizen of Guyana,60
Iceland,Residence permit for missionaries,60
Italy,ADOZIONE,60
Italy,MOTIVI RELIGIOSI,60
Italy,Permesso di soggiorno UE di lungo periodo,60
Libya,Full-time students residing in universities or other educational institutions in Libya,60
Luxembourg,Conditions of residence for third-country national trainees,60
Luxembourg,Residence permit for third-country students,60
Luxembourg,Staying in Luxembourg to find a job or start a business after completing your studies,60
Malta,Family reunification,60
Netherlands,Coming to the Netherlands as a long-term EU resident,60
Netherlands,Intra Corporate Transferee (ICT),60
Netherlands,Residence permit for work experience under EU programme,60
Norway,"EU/EEA Residence Right (Norway, registration scheme)",60
Norway,Residence permit for skilled workers,60
Panama,Personal Extranjero Contratado como Ejecutivo en Empresas de la Zona Libre de Colón,60
Panama,Personal Extranjero Contratado por Empresas bajo Contrato con el Gobierno,60
Peru,Formación / Investigación Temporal (Study / Research — Temporary),60
Poland,Apply to be recognised as a Polish citizen,60
Poland,Confirmation of Polish Citizenship by Descent (Potwierdzenie Posiadania Obywatelstwa),60
Poland,EU Blue Card,60
Poland,Family,60
Poland,Recover your lost Polish citizenship,60
Poland,Temporary residence permit for a family member of a Polish citizen (spouse) — art. 158,60
Portugal,Visto Nacional CPLP (Mobilidade) — Acordo CPLP 2021,60
Portugal,"Visto Nacional de Residência (D-Visa, entrada para pedir AR)",60
Portugal,Visto para Procura de Trabalho (Art. 88.º n.º 7),60
Russia,Temporary Residence Permit for education purposes,60
Russia,Work Patent,60
Samoa,Citizenship by Descent,60
Slovenia,Personal work permit for self-employment,60
Slovenia,Purpose of residence - posting,60
South Africa,Critical Skills Work Visa,60
South Africa,General Work Visa,60
South Africa,Intra-company Transfer Work Visa,60
South Korea,D-9-3 Trade and Investment Visa – Vessel Equipment Installation,60
South Korea,H-2-5 Working Visit Visa – Lottery Selection (Overseas Korean),60
Spain,Autorizaciones de reagrupación familiar,60
Spain,"Intra-Corporate Transferee Authorization (Movimientos Intraempresariales, Ley 14/2013)",60
Sweden,EU Mobility Studies Permit (Stay in Sweden),60
Sweden,Family of Employee/Self-Employed (Apply Afterwards),60
Sweden,Family of an employee or self-employed person who apply afterwards,60
Sweden,Residence Permit for Studies at Higher Education (Sweden),60
Thailand,Working Holiday Scheme (New Zealand holders of ordinary passports only/currently residing in New Zealand),60
Turkey,Permanent Work Permit,60
New Zealand,Student Visa,66
Hungary,EU residence card,70
Hungary,National residence card,70
Hungary,Permanent Residence Card,70
New Zealand,China Special Work Visa,70
New Zealand,Global Impact Permanent Residence Visa,70
New Zealand,Global Impact Work Visa,70
DR Congo,Carte de Séjour Temporaire (Ordinary Settlement — Visa d'Établissement Ordinaire),72
Lebanon,Granting a temporary visa until the foreigner gets his passport renewed,72
Albania,Au Pair Residence Permit,84
Albania,Family Reunification (Bashkim Familjar — Art 40/41),84
Albania,Investor Residence Permit (Strategic Investor / Real Estate),84
Albania,Residence Permit for Use of Owned Immovable Property (Property Owner Residence),84
Albania,Single Permit for Digital Mobile Workers (Leje Unike — Digital Nomad),84
Albania,Unique Permit — Self-Employed,84
Bahamas,Permit to Reside (Annual Permit),84
Bahamas,Permit to Reside – Dependant,84
Bahamas,Work Permit (New),84
Ireland,Contract for Services Employment Permit,84
Ireland,Critical Skills Employment Permit,84
Ireland,Dependant/Partner/Spouse Employment Permit,84
Ireland,Exchange Agreement Employment Permit,84
Ireland,General Employment Permit,84
Ireland,Hosting Agreement,84
Ireland,Internship Employment Permit,84
Ireland,Intra-Company Transfer Employment Permit,84
Ireland,Reactivation Employment Permit,84
Ireland,Sport and Cultural Employment Permit,84
Antigua and Barbuda,Change of Status - Work (CS-1),90
Argentina,Ciudadanía por naturalización,90
Argentina,Ley 346 - Ciudadanía Argentina,90
Armenia,Citizenship — Child of former Armenian citizen (1 year residence),90
Armenia,Citizenship — Parent or child is Armenian citizen,90
Armenia,"Citizenship — Recovery (former Armenian citizen, post-1995)",90
Armenia,Citizenship — by Armenian descent (no residence requirement),90
Armenia,Citizenship — by marriage (2 years marriage + 365 days residence),90
Armenia,Naturalisation — Standard residence path (3 years),90
Armenia,Refugee status — Citizenship path,90
Armenia,Stateless person — Citizenship path,90
Armenia,Submission of Citizenship Application,90
Australia,Skilled Nominated visa (subclass 190),90
Austria,"National Visa (Type D, long-stay)",90
Austria,Residence Permit – Student – mobility programme or agreement between higher education institutions,90
Belgium,"Naturalisation (Exceptional Merits, Art. 19)",90
Belgium,Post-Study Search Year Permit (Art. 61/1/9 ff),90
Belgium,Professional card,90
Belgium,"Reacquisition of Belgian Nationality (Recouvrement, Art. 24)",90
Belgium,Seasonal Worker (Travailleur saisonnier),90
Belgium,Self-Employed / Professional Card (Carte Professionnelle),90
Belgium,Trainees,90
Bosnia and Herzegovina,Temporary Residence Grounded on Unpaid Internship,90
Bosnia and Herzegovina,Temporary Residence for Highly Qualified Employment – The Blue Card,90
Bosnia and Herzegovina,Temporary Residence for Redeployment within a Legal Entity,90
Bosnia and Herzegovina,Temporary Residence — Work Without Work Permit (specialist categories),90
Botswana,Work Permit,90
Canada,Open Work Permit — Spouse of Skilled Worker / International Student,90
Canada,"TFWP — Global Talent Stream (LMIA, expedited)",90
Central African Republic,Temporary Work Visa (Permis de Travail temporaire),90
Chile,Extranjeros que desarrollan actividades lícitas remuneradas,90
Chile,Residencia Temporal — Actividades Lícitas Remuneradas (Subordinated Employment / Self-Employed),90
Colombia,Temporary service provider,90
Colombia,Visa M Trabajador,90
Croatia,Digital Nomad Temporary Stay (Croatia DNV),90
Croatia,Intra-Corporate Transferee Permit (ICT — Manager/Specialist),90
Croatia,Intra-Corporate Transferee Permit (ICT — Trainee),90
Cyprus,Intra-Corporate Transfer,90
Cyprus,Long-Term Resident — EU Status (Form MLT1),90
Cyprus,Naturalisation by Marriage / Civil Partnership (Form M125),90
Cyprus,Seasonal work (ESW),90
Czechia,Citizenship by Declaration — Czech/Czechoslovak Ancestry (§§31-36 Act 186/2013),90
Czechia,"EU Blue Card (modrá karta EU, §42i Act 326/1999)",90
Czechia,"Employee Card (zaměstnanecká karta, §42g Act 326/1999)",90
Czechia,"Intra-Corporate Transfer Card (karta vnitropodnikově převedeného zaměstnance, ICT, §42k Act 326/1999)",90
Czechia,Intra-company Employee Transfer Card,90
Czechia,Intra-company Employee Transfer Card of Another EU Member State,90
Czechia,"Long-Stay Visa D (vízum k pobytu nad 90 dnů, ≤1 year)",90
Czechia,"Long-Stay Visa for Family Purposes (≤1 year, transition to family-reunification residence)",90
Czechia,Training,90
Denmark,Establishment card,90
Denmark,Fast-Track Scheme – Supplementary Pay Limit Track,90
Denmark,Start-up Denmark,90
Denmark,Supplementary Pay Limit Scheme,90
Dominican Republic,Ordinary Temporary Residence (RT-9),90
Dominican Republic,Residencia Temporal (general),90
Dominican Republic,Temporary Residence for Religious (RT-4),90
Dominican Republic,Work Visa + Temporary Residence (Residencia Temporal por Trabajo),90
Egypt,Work Permit (Employee-sponsored),90
Estonia,Residence Permit for Employment,90
Finland,Certificate for seasonal work,90
Finland,Residence permit for seasonal work,90
France,Carte de séjour pluriannuelle « talent-carte bleue européenne » (EU Blue Card),90
France,Carte de séjour temporaire « jeune au pair »,90
Georgia,IT Residence Permit,90
Greece,Employment in the context of intra-corporate transfer,90
Greece,Renewal of a ten-year residence permit for employment in cases where the basic requirements for long-term resident status are not met (Articles 15 and 138 par.1),90
Greece,"Residence permit for Foreign Press Correspondents (Law 4251/14, art. 17)",90
Hong Kong,Certificate of Entitlement,90
Hungary,Simplified Naturalisation for Hungarian Descendants (Egyszerűsített Honosítás),90
Ireland,Join family visa,90
Italy,LAVORO SUBORDINATO,90
Italy,LAVORO SUBORDINATO - MARITTIMI,90
Jamaica,Work Permit Exemption,90
Japan,経営・管理（Business Manager）,90
Kazakhstan,Citizenship of the Republic of Kazakhstan,90
Liberia,Work Permit,90
Luxembourg,'EU Blue Card' residence permit,90
Luxembourg,Residence permit for self-employed third-country nationals,90
Malta,Study,90
Moldova,Permanent Residence,90
Netherlands,Frontier worker based on Withdrawal Agreement,90
Netherlands,Highly Skilled Migrant (Kennismigrant),90
Netherlands,International Trade Regulation,90
Netherlands,Intra EU mobility student (Directive (EU) 2016/801),90
Netherlands,Intra-corporate transferee residence permit (Directive 2014/66/EU),90
Netherlands,Permanent residency based on Withdrawal Agreement,90
Netherlands,Permanent residency for Union citizens and their family,90
Netherlands,Pilot incoming mobility mbo-4,90
Netherlands,Residence permit Cultural exchange,90
Netherlands,Residence permit Working Holiday,90
Netherlands,Residence permit cross-border service provider,90
Netherlands,Residence permit for family members under 8 ECHR,90
Netherlands,Seafaring service as a crew member on board a seagoing vessel,90
Netherlands,"Start-up Visa (1 year, RVO-vetted)",90
Netherlands,Student residence permit for university or higher professional education,90
Netherlands,Temporary residency based on Withdrawal Agreement,90
Norway,Residence card for family members of EU/EEA nationals,90
Panama,Extranjero Contratado por la Autoridad del Canal de Panamá,90
Paraguay,Residencia Espontánea u Ocasional establecida por la Ley N° 6984/2022 de Migraciones,90
Poland,Intra-corporate transfers,90
Portugal,AR Emitida a Estudantes do Ensino Superior (Art. 92.º),90
Portugal,AR para Ascendentes em 1.º Grau de Nacionais de Países Terceiros,90
Portugal,AR para Estagiários (Art. 93.º),90
Portugal,AR para Estudantes (Art. 92.º),90
Portugal,AR para Ex-Beneficiários de Estatuto de Residente (continuidade),90
Portugal,AR para Ex-Residentes de Longa Duração (perda de estatuto),90
Portugal,AR para Ex-Titulares de Cartão Azul UE (cancelamento),90
Portugal,AR para Filhos ou Filhas de Titulares de Autorização de Residência,90
Portugal,AR para Investigadores (Art. 91.º-B),90
Portugal,AR para Investigadores em Mobilidade,90
Portugal,AR para Maiores Nascidos em Portugal que Não se Tenham Ausentado,90
Portugal,AR para Menores Filhos de Cidadãos Estrangeiros Titulares de AR,90
Portugal,AR para Menores Nascidos em Portugal que Aqui Permaneçam,90
Portugal,AR para Menores Sujeitos a Tutela nos Termos do Código Civil,90
Portugal,AR para Nacional de País Terceiro que Acompanhe Pessoa Requerente,90
Portugal,AR para Pessoas com Filhos Menores Residentes em Portugal,90
Portugal,AR para Quem Não se Ausentou de Portugal (continuidade),90
Portugal,AR para Quem Perdeu Nacionalidade Portuguesa e Permaneceu em PT,90
Portugal,AR para Titulares do Estatuto de Residente de Longa Duração de outro EM,90
Portugal,AR para Voluntários (Art. 94.º),90
Portugal,"Autorização de Residência ""ICT Móvel"" (Mobilidade de Trabalhador Transferido)",90
Portugal,"Autorização de Residência ""TDE-ICT"" para Trabalhador Transferido Dentro da Empresa (Art. 124.º-B)",90
Portugal,Autorização de Residência Permanente (Art. 80.º REPSAE),90
Portugal,Autorização de Residência para Atividade Altamente Qualificada (D3),90
Portugal,Autorização de Residência para Atividade Cultural (Art. 90.º),90
Portugal,Autorização de Residência para Atividade Profissional Independente com Visto (D2 c/ visto),90
Portugal,Autorização de Residência para Atividade Profissional Prestada de Forma Remota (D8),90
Portugal,Autorização de Residência para Atividade de Docência (Art. 90.º),90
Portugal,Autorização de Residência para Imigrantes Empreendedores (Startup Visa),90
Portugal,"Autorização de Residência para Rendimentos Próprios ou Reformados (D7, Art. 89.º REPSAE)",90
Portugal,"Autorização de Residência para Titulares, Administradores ou Trabalhadores de Empresas Sediadas em PT",90
Portugal,Brexit — Acordo de Saída UE (Direitos de Residência),90
Portugal,Cartão Azul UE / AR para Trabalho Altamente Qualificado (EU Blue Card),90
Portugal,Estatuto de Residente de Longa Duração - UE (ERLD),90
Portugal,Mobilidade de Estudantes do Ensino Superior (Art. 91.º-A),90
Portugal,Protocolo de Cooperação para a Migração Laboral Regulada,90
Portugal,Reagrupamento Familiar com Familiar Fora de Território Nacional,90
Portugal,Reagrupamento Familiar com Familiar em Território Nacional (D6),90
Portugal,Regime e Requisitos Gerais da Autorização de Residência (Art. 77.º),90
Portugal,Tech Visa (Atividade Altamente Qualificada Exercida para Empresa Certificada),90
Portugal,Transição Ex-Estudante (Mestrado/Doutoramento) para Trabalho,90
Portugal,Transição Ex-Estudante (Secundário/1º ciclo Superior) para Trabalho,90
Portugal,Transição Ex-Visto Temporário (Investigação) para Trabalho,90
Romania,Permanent residence/stay permit,90
Romania,Residence card for family members,90
Russia,Recognition as a native Russian speaker,90
Russia,Temporary Residence Permit (RVP),90
San Marino,Stay permit,90
Slovakia,Long-Term Residence,90
Slovenia,Purpose of residence - studies,90
Slovenia,Residence of researchers staying in Slovenia to seek employment or self-employment,90
South Korea,E-2-91 Conversation Instructor Visa – FTA (English),90
South Korea,E-5 Professional Employment Visa,90
South Korea,E-9-2 Non-Professional Employment Visa – Construction Industry,90
South Korea,E-9-5 Non-Professional Employment Visa – Service Industry,90
Spain,Authorization and renewal of temporary residence due to exceptional circumstances,90
Spain,Autorizaciones de trabajo y residencia por cuenta ajena inicial,90
Spain,Autorización y renovación residencia temporal por circunstancias excepcionales,90
Spain,Initial Authorization of Residence and Work (Form EX17),90
Spain,Initial card or renewal residence or residence and work,90
Spain,"International Telework Visa (Digital Nomad, Ley 14/2013 amended Dec 2022)",90
Spain,Long-term residence - EU,90
Spain,National long-term residence,90
Spain,Residencia de larga duración nacional,90
Spain,Residencia de larga duración-UE,90
Spain,TARJETA DE RESIDENCIA PERMANENTE DE FAMILIAR DE CIUDADANO DE LA UNIÓN EUROPEA,90
Sweden,Seasonal Worker Permit,90
Sweden,Temporary work in Sweden,90
Taiwan,Resident Visas,90
Thailand,SMART-T,90
Timor-Leste,Exercício de actividade profissional /Professional Activities (VFR1),90
Timor-Leste,Reagrupamento familiar / Family Reunification (VFR2),90
United States,Post-Completion Optional Practical Training (OPT) and 24-Month STEM OPT Extension for F-1 Students,90
Armenia,Special residency status,120
Belgium,Belgian citizenship,120
Belgium,"Citizenship by Declaration — Disabled / Pensioner (Art. 12bis § 1, 4°)",120
Belgium,"Citizenship by Declaration — Long Residence 10y (Art. 12bis § 1, 5°)",120
Belgium,Single Permit / Permis Unique (work + residence >90 days),120
Canada,International adoption,120
Cyprus,Domestic work (DW),120
Cyprus,Family members of Cypriots (CY),120
Dominican Republic,Residencia Permanente Pensionado (Ley 171-07),120
Dominican Republic,Residencia Permanente Rentista (Ley 171-07),120
Germany,Visa for Recognition Partnership (§16d(3) AufenthG),120
Lithuania,Šeima,120
Luxembourg,Residence permit for third-country national salaried workers,120
New Zealand,Religious Workers Resident Visa,120
Solomon Islands,"Solomon Islands Citizenship by Naturalization (5-of-10 years, Citizenship Act 2018)",120
South Korea,E-9-1 Non-Professional Employment Visa – Manufacturing Industry,120
Sweden,Au Pair Residence Permit,120
Sweden,Student-to-Work Transition Permit,120
Sweden,Students who have found work,120
Brazil,Autorização de residência para tratamento de saúde,130
Brazil,Pedido de residência temporária,130
Australia,Australian Citizenship by Conferral (Naturalization),150
Belgium,Long-term resident,150
New Zealand,Long Term Skill Shortage List Work Visa,150
Albania,Acquisition of Albanian Citizenship by Descent,180
Albania,Acquisition of Albanian citizenship by naturalization,180
Albania,Albanian Citizenship by Descent (Diaspora Recognition Route),180
Albania,Albanian Citizenship by Marriage (3-year track),180
Australia,Subclass 190 — Skilled Nominated (State/Territory),180
Austria,EU Blue Card (Blaue Karte EU),180
Austria,Family Reunification — Family of Third-Country National (RWR/Researcher/Blue Card),180
Austria,Family — LTR-EU Family Mobility from another Member State (§ 50 NAG),180
Austria,Graduates of Austrian universities and universities of applied sciences,180
Austria,ICT - Intra-corporate transferee,180
Austria,Intra-Corporate Transferee (ICT),180
Austria,"Intra-corporate Transfer of Managers, Specialists and Trainee Employees (""ICT"" and ""mobile ICT"")",180
Austria,Mobile ICT (Intra-EU Mobility),180
Austria,Mobile ICT - mobile intra-corporate transferee,180
Austria,Naturalisation (fast-track 6 years — special integration),180
Austria,"Naturalisation (general, 10 years)",180
Austria,Other forms of settlement (Austria),180
Austria,Pupil Residence Permit (Aufenthaltsbewilligung Schüler),180
Austria,Pupils,180
Austria,Red-White-Red Card for Self-employed Key Workers,180
Austria,Red-White-Red Card for graduates,180
Austria,Red-White-Red Card plus,180
Austria,Red-White-Red Card — Other Key Workers,180
Austria,Red-White-Red Card — Self-employed Key Workers,180
Austria,Red-White-Red Card — Skilled Workers in Shortage Occupations,180
Austria,Red-White-Red Card — Very Highly Qualified Workers,180
Austria,"Regular Workers in Tourism, Agriculture and Forestry",180
Austria,Residence Permit – Student,180
Austria,Residence Permit – Student - no mobility programme,180
Austria,Residence permit social service workers,180
Austria,Residence permit „special cases of gainful employment“,180
Austria,Seconded employee,180
Austria,Settlement Permit - Special Cases of Gainful Employment,180
Austria,Settlement permit pursuant to § 56 (1) NAG,180
Austria,Settlement permit relative (Niederlassungsbewilligung – Angehöriger),180
Austria,Social Service Employee,180
Austria,Special cases of gainful employment (Au Pairs),180
Austria,Stay permit cross-border worker,180
Austria,"Stay permit mobile ICT (Aufenthaltsbewilligung Mobiler unternehmensintern transferierter Arbeitnehmer – ""mobile ICT"")",180
Austria,Student Residence Permit (Aufenthaltsbewilligung Student),180
Austria,Students,180
Austria,settlement permit - artists,180
Austria,stay permit family unity,180
Austria,stay permit researcher-mobility (Aufenthaltsbewilligung Forscher-Mobilität),180
Belgium,"Intra-Corporate Transferee (ICT, Art. 61/34)",180
Brazil,Autorização de residência com base em reunião familiar,180
Canada,International Experience Canada (IEC),180
Canada,Post-Graduation Work Permit (PGWP),180
Canada,Seasonal Agricultural Worker Program (SAWP),180
Caribbean Netherlands,Work Permit (TWV) and Residence Permit,180
China,Residence Permit for Reunion,180
Comoros,"Naturalisation (Loi N° 79-12, ordinary residence track)",180
Comoros,Naturalisation par Services Exceptionnels,180
Croatia,Long-Term Residence — EU (Dugotrajno Boravište),180
Croatia,Permanent Stay (Stalni Boravak — diaspora/refugee/family route),180
Cuba,Residente Permanente por Reunificación Familiar (Family Reunification PR),180
Egypt,Citizenship by Descent (Jus Sanguinis),180
El Salvador,Residencia Temporal con Autorización de Trabajar,180
France,Regroupement familial (séjour au titre du regroupement familial),180
Ireland,Family Reunification — Dependent Parent of Irish National,180
Jamaica,Work Permit,180
Kosovo,Fitimi i shtetësisë me qëndrim të përhershëm,180
Kosovo,Fitimi i shtetësisë së Kosovës,180
Kosovo,Fitimin e shtetësisë si pjesëtar i diasporës,180
Liechtenstein,Zulassung zur Erwerbstätigkeit,180
Luxembourg,Long-term resident status for third-country nationals,180
Mongolia,Become a citizen of Mongolia,180
Mongolia,Restoration of Citizenship,180
Montenegro,Permanent Residence Permit,180
Netherlands,Permanent Residence Permit,180
Netherlands,Residence with Minor Dutch Child (Chavez-Vilchez),180
Poland,Permanent Residence Permit,180
Poland,Permanent residence card for a family member of an EU citizen,180
Portugal,"Nacionalidade Portuguesa por Atribuição (filho de português originário, Art. 1.º)",180
Romania,Long-stay visa (symbol D),180
Romania,Registration certificate,180
Romania,Residence permit granted for work purposes,180
Romania,Temporary residence/stay permit,180
Rwanda,Rwandan Nationality by Acquisition on grounds of Adoption,180
Rwanda,Rwandan Nationality by Acquisition on grounds of Being an Immigrant,180
Rwanda,Rwandan Nationality by Acquisition on grounds of Marriage,180
Rwanda,Rwandan Nationality by Acquisition on grounds of Sustainable Investment or Activities,180
Singapore,Singapore Permanent Residence,180
Sweden,Job Seeker Visa (Higher Education),180
United Kingdom,British Citizenship by Descent / Registration (UKM — born before 1983 to British mother),180
United States,D-1 Crewmembers Certification,180
United States,EB-2 with National Interest Waiver (NIW),180
Denmark,Family Reunification — Child (<15),210
Cyprus,Fast-Track Naturalisation — Highly Skilled FIC Employees,240
Cyprus,Naturalisation by Residence,240
Denmark,Family Reunification — Spouse / Partner,240
Denmark,Permanent Residence Permit,240
New Zealand,Dependent Child Resident Visa,240
New Zealand,South Island Contribution Resident Visa,240
Sweden,Long-term residents in Sweden,240
Czechia,"Long-Term Residence — Family Reunification (§42a Act 326/1999, Directive 2003/86/EC)",270
Latvia,Naturalisation (Latvian Citizenship by Naturalisation),270
Costa Rica,Naturalization — General (7 years),285
Costa Rica,Naturalization — Iberoamerican/Centroamerican/Spanish (5 years),285
Costa Rica,Naturalization — Spouse of Costa Rican (2 years marriage + 2 years residence),285
Canada,Quebec-selected skilled workers,330
Sweden,Self-Employed Residence Permit,330
Finland,Employee of a religious community,360
Ireland,"Irish Citizenship by Naturalisation (Spouse of Irish Citizen, 3-year track)",360
United States,Permanent Labor Certification,360
Botswana,Citizenship by Naturalisation — Foreign Spouse,365
Central African Republic,Permanent Work Visa (Permis de Travail permanent),365
Egypt,"Naturalization (foreign-born in Egypt, reduced)",365
Ireland,Foreign Birth Registration,365
Ireland,Irish Citizenship by Naturalisation (5 of 9 years reckonable residence),365
Singapore,Singapore Citizenship,365
Switzerland,Ordinary naturalisation,365
Ukraine,Immigration Permit,365
Uzbekistan,Citizenship of the Republic of Uzbekistan,365
Venezuela,Visa de Transeúnte Laboral (TR-L),365
Canada,Citizenship Grant for Canadian Armed Forces (CAF) Members — Reduced Physical Presence,390
Canada,Resumption of Canadian Citizenship,390
New Zealand,New Zealand citizenship by grant,420
Sweden,Residence Permit to Live with Partner,450
Croatia,Citizenship by Croatian Descent / Croatian People (Art. 16),540
Croatia,Citizenship by Descent — Emigrants and Descendants (Art. 11),540
Croatia,Naturalisation by Marriage to Croatian Citizen (Art. 10),540
Czechia,"Citizenship by Marriage (§13 Act 186/2013, spouse of Czech citizen)",540
Czechia,"Citizenship by Naturalization (§14 Act 186/2013, 5 years PR + B1 Czech)",540
Denmark,Citizenship by Naturalization (Folketing law),540
Dominican Republic,Naturalización Acelerada — Latinoamericanos / Españoles / Caribeños (Ley 1683),540
Dominican Republic,Naturalización Ordinaria,540
Dominican Republic,Naturalización por Matrimonio con Dominicano/a (Ley 1683 — 6 meses),540
Sweden,Residence Permit for Child to Live with Parent in Sweden,540
France,Naturalisation par décret,548
France,Naturalisation par décret — stage réduit à deux ans,548
France,Naturalisation sans condition de stage — francophonie,548
France,Naturalisation sans condition de stage — services / réfugié,548
Sweden,Residence Permit for Adult to Live with Relative,570
Slovakia,Slovak Citizenship by Descent — Grandparent/Great-Grandparent (2022 Amendment),720
Australia,Partner (Migrant) visa (subclass 100),730
Australia,"Subclass 801 — Partner (Permanent, onshore)",730
Central African Republic,Naturalisation (Naturalisation Centrafricaine),730
Croatia,Naturalisation by Residence (Zakon o državljanstvu Art. 8),730
Egypt,Naturalization (10-year residence track),730
Jamaica,Naturalisation,730
Portugal,Nacionalidade Portuguesa por Casamento ou União de Facto (3 anos),730
Portugal,"Nacionalidade Portuguesa por Descendência Sefardita (Decreto-Lei 30-A/2015, alterado 2022)",730
Portugal,Nacionalidade Portuguesa por Naturalização (Lei 37/81 + Reforma 2025/2026),730
Sweden,British citizens,1680
